{"task-1-50x50-upward-1": 17.906318851977122, "task-2-100x100-tent-1": 22.350666636630812, "task-2-50x50-tent-10": 21.35970896456886, "task-2-50x50-tent-8": 20.34730497505349, "task-1-50x50-trough-3": 22.659721708921744, "task-1-50x50-tent-3": 16.508961857918404, "task-1-100x100-upward-0": 20.056404803394237, "task-1-100x100-downward-1": 18.80272720822765, "task-1-100x100-tent-1": 19.307055746775003, "task-2-50x50-tent-4": 23.302911991838126, "task-2-50x50-tent-5": 20.776866586230305, "task-1-100x100-downward-0": 19.467764355014793, "task-1-100x100-tent-0": 26.82165253958605, "task-1-100x100-upward-1": 27.154827784301542, "task-1-50x50-tent-2": 17.795309764515764, "task-2-50x50-tent-9": 28.302272596605295, "task-1-50x50-trough-2": 21.591964898933945, "task-2-50x50-tent-11": 21.03932910557517, "task-2-100x100-tent-0": 25.305416197836635, "task-1-50x50-upward-0": 19.217410436619932, "task-1-50x50-downward-1": 17.265132887437474, "task-2-50x50-tent-2": 19.138646934299068, "task-2-100x100-tent-7": 18.782402687018454, "task-2-100x100-tent-6": 20.909906489932272, "task-2-50x50-tent-3": 22.91244728158915, "task-1-50x50-downward-0": 21.979129521404687, "task-2-50x50-tent-0": 16.852277461249855, "task-1-50x50-downward-3": 19.623264653001378, "task-2-50x50-tent-14": 25.06340176359417, "task-2-100x100-tent-5": 21.91267384595621, "task-2-100x100-tent-4": 20.609506161794457, "task-2-50x50-tent-15": 19.177741700310445, "task-1-50x50-downward-2": 21.108041051474792, "task-2-50x50-tent-1": 25.215322062570614, "task-1-50x50-trough-1": 20.743965214223326, "task-2-50x50-tent-12": 21.541851467378248, "task-2-100x100-tent-3": 19.231958972623573, "task-1-50x50-upward-3": 23.029329342492275, "task-2-50x50-tent-6": 23.817007513613465, "task-1-100x100-trough-0": 26.585347728082425, "task-1-50x50-tent-1": 20.893303497741062, "task-1-50x50-tent-0": 19.590422909760452, "task-1-100x100-trough-1": 20.970469040191407, "task-2-50x50-tent-7": 22.07229304487523, "task-1-50x50-upward-2": 17.653069193162864, "task-2-100x100-tent-2": 22.519536990544392, "task-2-50x50-tent-13": 19.80059654962467, "task-1-50x50-trough-0": 22.328048945735798}